i file	file name	n rows	n cols	i col	col name	type	no nan	nan	fill rate	description	unique val	values	counts
1	application_test.csv	48744	121	1	SK_ID_CURR	int64	48744	0	100.0	ID of loan in our sample	48744		
1	application_test.csv	48744	121	2	NAME_CONTRACT_TYPE	object	48744	0	100.0	Identification if loan is cash or revolving	2	['Cash loans', 'Revolving loans']	[48305, 439]
1	application_test.csv	48744	121	3	CODE_GENDER	object	48744	0	100.0	Gender of the client	2	['F', 'M']	[32678, 16066]
1	application_test.csv	48744	121	4	FLAG_OWN_CAR	object	48744	0	100.0	Flag if the client owns a car	2	['N', 'Y']	[32311, 16433]
1	application_test.csv	48744	121	5	FLAG_OWN_REALTY	object	48744	0	100.0	Flag if client owns a house or flat	2	['Y', 'N']	[33658, 15086]
1	application_test.csv	48744	121	6	CNT_CHILDREN	int64	48744	0	100.0	Number of children the client has	11		
1	application_test.csv	48744	121	7	AMT_INCOME_TOTAL	float64	48744	0	100.0	Income of the client	606		
1	application_test.csv	48744	121	8	AMT_CREDIT	float64	48744	0	100.0	Credit amount of the loan	2937		
1	application_test.csv	48744	121	9	AMT_ANNUITY	float64	48720	24	99.95	Loan annuity	7492		
1	application_test.csv	48744	121	10	AMT_GOODS_PRICE	float64	48744	0	100.0	For consumer loans it is the price of the goods for which the loan is given	677		
1	application_test.csv	48744	121	11	NAME_TYPE_SUITE	object	47833	911	98.13	Who was accompanying client when he was applying for the loan	8		
1	application_test.csv	48744	121	12	NAME_INCOME_TYPE	object	48744	0	100.0	Clients income type (businessman, working, maternity leave,�)	7		
1	application_test.csv	48744	121	13	NAME_EDUCATION_TYPE	object	48744	0	100.0	Level of highest education the client achieved	5	['Secondary / secondary special', 'Higher education', 'Incomplete higher', 'Lower secondary', 'Academic degree']	[33988, 12516, 1724, 475, 41]
1	application_test.csv	48744	121	14	NAME_FAMILY_STATUS	object	48744	0	100.0	Family status of the client	5	['Married', 'Single / not married', 'Civil marriage', 'Separated', 'Widow']	[32283, 7036, 4261, 2955, 2209]
1	application_test.csv	48744	121	15	NAME_HOUSING_TYPE	object	48744	0	100.0	What is the housing situation of the client (renting, living with parents, ...)	6		
1	application_test.csv	48744	121	16	REGION_POPULATION_RELATIVE	float64	48744	0	100.0	Normalized population of region where client lives (higher number means the client lives in more populated region)	81		
1	application_test.csv	48744	121	17	DAYS_BIRTH	int64	48744	0	100.0	Client's age in days at the time of application	15477		
1	application_test.csv	48744	121	18	DAYS_EMPLOYED	int64	48744	0	100.0	How many days before the application the person started current employment	7863		
1	application_test.csv	48744	121	19	DAYS_REGISTRATION	float64	48744	0	100.0	How many days before the application did client change his registration	12618		
1	application_test.csv	48744	121	20	DAYS_ID_PUBLISH	int64	48744	0	100.0	How many days before the application did client change the identity document with which he applied for the loan	5880		
1	application_test.csv	48744	121	21	OWN_CAR_AGE	float64	16432	32312	33.71	Age of client's car	53		
1	application_test.csv	48744	121	22	FLAG_MOBIL	int64	48744	0	100.0	Did client provide mobile phone (1=YES, 0=NO)	2	[1, 0]	[48743, 1]
1	application_test.csv	48744	121	23	FLAG_EMP_PHONE	int64	48744	0	100.0	Did client provide work phone (1=YES, 0=NO)	2	[1, 0]	[39469, 9275]
1	application_test.csv	48744	121	24	FLAG_WORK_PHONE	int64	48744	0	100.0	Did client provide home phone (1=YES, 0=NO)	2	[0, 1]	[38766, 9978]
1	application_test.csv	48744	121	25	FLAG_CONT_MOBILE	int64	48744	0	100.0	Was mobile phone reachable (1=YES, 0=NO)	2	[1, 0]	[48666, 78]
1	application_test.csv	48744	121	26	FLAG_PHONE	int64	48744	0	100.0	Did client provide home phone (1=YES, 0=NO)	2	[0, 1]	[35918, 12826]
1	application_test.csv	48744	121	27	FLAG_EMAIL	int64	48744	0	100.0	Did client provide email (1=YES, 0=NO)	2	[0, 1]	[40816, 7928]
1	application_test.csv	48744	121	28	OCCUPATION_TYPE	object	33139	15605	67.98	What kind of occupation does the client have	19		
1	application_test.csv	48744	121	29	CNT_FAM_MEMBERS	float64	48744	0	100.0	How many family members does client have	12		
1	application_test.csv	48744	121	30	REGION_RATING_CLIENT	int64	48744	0	100.0	Our rating of the region where client lives (1,2,3)	3	[2, 3, 1]	[35356, 7624, 5764]
1	application_test.csv	48744	121	31	REGION_RATING_CLIENT_W_CITY	int64	48744	0	100.0	Our rating of the region where client lives with taking city into account (1,2,3)	4	[2, 3, 1, -1]	[35776, 6792, 6175, 1]
1	application_test.csv	48744	121	32	WEEKDAY_APPR_PROCESS_START	object	48744	0	100.0	On which day of the week did the client apply for the loan	7		
1	application_test.csv	48744	121	33	HOUR_APPR_PROCESS_START	int64	48744	0	100.0	Approximately at what hour did the client apply for the loan	24		
1	application_test.csv	48744	121	34	REG_REGION_NOT_LIVE_REGION	int64	48744	0	100.0	Flag if client's permanent address does not match contact address (1=different, 0=same, at region level)	2	[0, 1]	[47826, 918]
1	application_test.csv	48744	121	35	REG_REGION_NOT_WORK_REGION	int64	48744	0	100.0	Flag if client's permanent address does not match work address (1=different, 0=same, at region level)	2	[0, 1]	[46055, 2689]
1	application_test.csv	48744	121	36	LIVE_REGION_NOT_WORK_REGION	int64	48744	0	100.0	Flag if client's contact address does not match work address (1=different, 0=same, at region level)	2	[0, 1]	[46695, 2049]
1	application_test.csv	48744	121	37	REG_CITY_NOT_LIVE_CITY	int64	48744	0	100.0	Flag if client's permanent address does not match contact address (1=different, 0=same, at city level)	2	[0, 1]	[44968, 3776]
1	application_test.csv	48744	121	38	REG_CITY_NOT_WORK_CITY	int64	48744	0	100.0	Flag if client's permanent address does not match work address (1=different, 0=same, at city level)	2	[0, 1]	[37793, 10951]
1	application_test.csv	48744	121	39	LIVE_CITY_NOT_WORK_CITY	int64	48744	0	100.0	Flag if client's contact address does not match work address (1=different, 0=same, at city level)	2	[0, 1]	[40252, 8492]
1	application_test.csv	48744	121	40	ORGANIZATION_TYPE	object	48744	0	100.0	Type of organization where client works	58		
1	application_test.csv	48744	121	41	EXT_SOURCE_1	float64	28212	20532	57.87	Normalized score from external data source	27208		
1	application_test.csv	48744	121	42	EXT_SOURCE_2	float64	48736	8	99.98	Normalized score from external data source	38886		
1	application_test.csv	48744	121	43	EXT_SOURCE_3	float64	40076	8668	82.21	Normalized score from external data source	703		
1	application_test.csv	48744	121	44	APARTMENTS_AVG	float64	24857	23887	50.99	Normalized information about building where the client lives, What is average (_AVG suffix), modus (_MODE suffix), median (_MEDI suffix) apartment size, common area, living area, age of building, number of elevators, number of entrances, state of the building, number of floor	1544		
1	application_test.csv	48744	121	45	BASEMENTAREA_AVG	float64	21103	27641	43.29	Normalized information about building where the client lives, What is average (_AVG suffix), modus (_MODE suffix), median (_MEDI suffix) apartment size, common area, living area, age of building, number of elevators, number of entrances, state of the building, number of floor	2817		
1	application_test.csv	48744	121	46	YEARS_BEGINEXPLUATATION_AVG	float64	25888	22856	53.11	Normalized information about building where the client lives, What is average (_AVG suffix), modus (_MODE suffix), median (_MEDI suffix) apartment size, common area, living area, age of building, number of elevators, number of entrances, state of the building, number of floor	176		
1	application_test.csv	48744	121	47	YEARS_BUILD_AVG	float64	16926	31818	34.72	Normalized information about building where the client lives, What is average (_AVG suffix), modus (_MODE suffix), median (_MEDI suffix) apartment size, common area, living area, age of building, number of elevators, number of entrances, state of the building, number of floor	131		
1	application_test.csv	48744	121	48	COMMONAREA_AVG	float64	15249	33495	31.28	Normalized information about building where the client lives, What is average (_AVG suffix), modus (_MODE suffix), median (_MEDI suffix) apartment size, common area, living area, age of building, number of elevators, number of entrances, state of the building, number of floor	2043		
1	application_test.csv	48744	121	49	ELEVATORS_AVG	float64	23555	25189	48.32	Normalized information about building where the client lives, What is average (_AVG suffix), modus (_MODE suffix), median (_MEDI suffix) apartment size, common area, living area, age of building, number of elevators, number of entrances, state of the building, number of floor	182		
1	application_test.csv	48744	121	50	ENTRANCES_AVG	float64	25165	23579	51.62	Normalized information about building where the client lives, What is average (_AVG suffix), modus (_MODE suffix), median (_MEDI suffix) apartment size, common area, living area, age of building, number of elevators, number of entrances, state of the building, number of floor	201		
1	application_test.csv	48744	121	51	FLOORSMAX_AVG	float64	25423	23321	52.15	Normalized information about building where the client lives, What is average (_AVG suffix), modus (_MODE suffix), median (_MEDI suffix) apartment size, common area, living area, age of building, number of elevators, number of entrances, state of the building, number of floor	253		
1	application_test.csv	48744	121	52	FLOORSMIN_AVG	float64	16278	32466	33.39	Normalized information about building where the client lives, What is average (_AVG suffix), modus (_MODE suffix), median (_MEDI suffix) apartment size, common area, living area, age of building, number of elevators, number of entrances, state of the building, number of floor	199		
1	application_test.csv	48744	121	53	LANDAREA_AVG	float64	20490	28254	42.03	Normalized information about building where the client lives, What is average (_AVG suffix), modus (_MODE suffix), median (_MEDI suffix) apartment size, common area, living area, age of building, number of elevators, number of entrances, state of the building, number of floor	2541		
1	application_test.csv	48744	121	54	LIVINGAPARTMENTS_AVG	float64	15964	32780	32.75	Normalized information about building where the client lives, What is average (_AVG suffix), modus (_MODE suffix), median (_MEDI suffix) apartment size, common area, living area, age of building, number of elevators, number of entrances, state of the building, number of floor	1212		
1	application_test.csv	48744	121	55	LIVINGAREA_AVG	float64	25192	23552	51.68	Normalized information about building where the client lives, What is average (_AVG suffix), modus (_MODE suffix), median (_MEDI suffix) apartment size, common area, living area, age of building, number of elevators, number of entrances, state of the building, number of floor	3849		
1	application_test.csv	48744	121	56	NONLIVINGAPARTMENTS_AVG	float64	15397	33347	31.58	Normalized information about building where the client lives, What is average (_AVG suffix), modus (_MODE suffix), median (_MEDI suffix) apartment size, common area, living area, age of building, number of elevators, number of entrances, state of the building, number of floor	242		
1	application_test.csv	48744	121	57	NONLIVINGAREA_AVG	float64	22660	26084	46.48	Normalized information about building where the client lives, What is average (_AVG suffix), modus (_MODE suffix), median (_MEDI suffix) apartment size, common area, living area, age of building, number of elevators, number of entrances, state of the building, number of floor	2027		
1	application_test.csv	48744	121	58	APARTMENTS_MODE	float64	24857	23887	50.99	Normalized information about building where the client lives, What is average (_AVG suffix), modus (_MODE suffix), median (_MEDI suffix) apartment size, common area, living area, age of building, number of elevators, number of entrances, state of the building, number of floor	637		
1	application_test.csv	48744	121	59	BASEMENTAREA_MODE	float64	21103	27641	43.29	Normalized information about building where the client lives, What is average (_AVG suffix), modus (_MODE suffix), median (_MEDI suffix) apartment size, common area, living area, age of building, number of elevators, number of entrances, state of the building, number of floor	2836		
1	application_test.csv	48744	121	60	YEARS_BEGINEXPLUATATION_MODE	float64	25888	22856	53.11	Normalized information about building where the client lives, What is average (_AVG suffix), modus (_MODE suffix), median (_MEDI suffix) apartment size, common area, living area, age of building, number of elevators, number of entrances, state of the building, number of floor	161		
1	application_test.csv	48744	121	61	YEARS_BUILD_MODE	float64	16926	31818	34.72	Normalized information about building where the client lives, What is average (_AVG suffix), modus (_MODE suffix), median (_MEDI suffix) apartment size, common area, living area, age of building, number of elevators, number of entrances, state of the building, number of floor	133		
1	application_test.csv	48744	121	62	COMMONAREA_MODE	float64	15249	33495	31.28	Normalized information about building where the client lives, What is average (_AVG suffix), modus (_MODE suffix), median (_MEDI suffix) apartment size, common area, living area, age of building, number of elevators, number of entrances, state of the building, number of floor	2002		
1	application_test.csv	48744	121	63	ELEVATORS_MODE	float64	23555	25189	48.32	Normalized information about building where the client lives, What is average (_AVG suffix), modus (_MODE suffix), median (_MEDI suffix) apartment size, common area, living area, age of building, number of elevators, number of entrances, state of the building, number of floor	27		
1	application_test.csv	48744	121	64	ENTRANCES_MODE	float64	25165	23579	51.62	Normalized information about building where the client lives, What is average (_AVG suffix), modus (_MODE suffix), median (_MEDI suffix) apartment size, common area, living area, age of building, number of elevators, number of entrances, state of the building, number of floor	31		
1	application_test.csv	48744	121	65	FLOORSMAX_MODE	float64	25423	23321	52.15	Normalized information about building where the client lives, What is average (_AVG suffix), modus (_MODE suffix), median (_MEDI suffix) apartment size, common area, living area, age of building, number of elevators, number of entrances, state of the building, number of floor	26		
1	application_test.csv	48744	121	66	FLOORSMIN_MODE	float64	16278	32466	33.39	Normalized information about building where the client lives, What is average (_AVG suffix), modus (_MODE suffix), median (_MEDI suffix) apartment size, common area, living area, age of building, number of elevators, number of entrances, state of the building, number of floor	26		
1	application_test.csv	48744	121	67	LANDAREA_MODE	float64	20490	28254	42.03	Normalized information about building where the client lives, What is average (_AVG suffix), modus (_MODE suffix), median (_MEDI suffix) apartment size, common area, living area, age of building, number of elevators, number of entrances, state of the building, number of floor	2561		
1	application_test.csv	48744	121	68	LIVINGAPARTMENTS_MODE	float64	15964	32780	32.75	Normalized information about building where the client lives, What is average (_AVG suffix), modus (_MODE suffix), median (_MEDI suffix) apartment size, common area, living area, age of building, number of elevators, number of entrances, state of the building, number of floor	603		
1	application_test.csv	48744	121	69	LIVINGAREA_MODE	float64	25192	23552	51.68	Normalized information about building where the client lives, What is average (_AVG suffix), modus (_MODE suffix), median (_MEDI suffix) apartment size, common area, living area, age of building, number of elevators, number of entrances, state of the building, number of floor	3843		
1	application_test.csv	48744	121	70	NONLIVINGAPARTMENTS_MODE	float64	15397	33347	31.58	Normalized information about building where the client lives, What is average (_AVG suffix), modus (_MODE suffix), median (_MEDI suffix) apartment size, common area, living area, age of building, number of elevators, number of entrances, state of the building, number of floor	107		
1	application_test.csv	48744	121	71	NONLIVINGAREA_MODE	float64	22660	26084	46.48	Normalized information about building where the client lives, What is average (_AVG suffix), modus (_MODE suffix), median (_MEDI suffix) apartment size, common area, living area, age of building, number of elevators, number of entrances, state of the building, number of floor	2026		
1	application_test.csv	48744	121	72	APARTMENTS_MEDI	float64	24857	23887	50.99	Normalized information about building where the client lives, What is average (_AVG suffix), modus (_MODE suffix), median (_MEDI suffix) apartment size, common area, living area, age of building, number of elevators, number of entrances, state of the building, number of floor	919		
1	application_test.csv	48744	121	73	BASEMENTAREA_MEDI	float64	21103	27641	43.29	Normalized information about building where the client lives, What is average (_AVG suffix), modus (_MODE suffix), median (_MEDI suffix) apartment size, common area, living area, age of building, number of elevators, number of entrances, state of the building, number of floor	2806		
1	application_test.csv	48744	121	74	YEARS_BEGINEXPLUATATION_MEDI	float64	25888	22856	53.11	Normalized information about building where the client lives, What is average (_AVG suffix), modus (_MODE suffix), median (_MEDI suffix) apartment size, common area, living area, age of building, number of elevators, number of entrances, state of the building, number of floor	170		
1	application_test.csv	48744	121	75	YEARS_BUILD_MEDI	float64	16926	31818	34.72	Normalized information about building where the client lives, What is average (_AVG suffix), modus (_MODE suffix), median (_MEDI suffix) apartment size, common area, living area, age of building, number of elevators, number of entrances, state of the building, number of floor	130		
1	application_test.csv	48744	121	76	COMMONAREA_MEDI	float64	15249	33495	31.28	Normalized information about building where the client lives, What is average (_AVG suffix), modus (_MODE suffix), median (_MEDI suffix) apartment size, common area, living area, age of building, number of elevators, number of entrances, state of the building, number of floor	2035		
1	application_test.csv	48744	121	77	ELEVATORS_MEDI	float64	23555	25189	48.32	Normalized information about building where the client lives, What is average (_AVG suffix), modus (_MODE suffix), median (_MEDI suffix) apartment size, common area, living area, age of building, number of elevators, number of entrances, state of the building, number of floor	44		
1	application_test.csv	48744	121	78	ENTRANCES_MEDI	float64	25165	23579	51.62	Normalized information about building where the client lives, What is average (_AVG suffix), modus (_MODE suffix), median (_MEDI suffix) apartment size, common area, living area, age of building, number of elevators, number of entrances, state of the building, number of floor	44		
1	application_test.csv	48744	121	79	FLOORSMAX_MEDI	float64	25423	23321	52.15	Normalized information about building where the client lives, What is average (_AVG suffix), modus (_MODE suffix), median (_MEDI suffix) apartment size, common area, living area, age of building, number of elevators, number of entrances, state of the building, number of floor	48		
1	application_test.csv	48744	121	80	FLOORSMIN_MEDI	float64	16278	32466	33.39	Normalized information about building where the client lives, What is average (_AVG suffix), modus (_MODE suffix), median (_MEDI suffix) apartment size, common area, living area, age of building, number of elevators, number of entrances, state of the building, number of floor	45		
1	application_test.csv	48744	121	81	LANDAREA_MEDI	float64	20490	28254	42.03	Normalized information about building where the client lives, What is average (_AVG suffix), modus (_MODE suffix), median (_MEDI suffix) apartment size, common area, living area, age of building, number of elevators, number of entrances, state of the building, number of floor	2563		
1	application_test.csv	48744	121	82	LIVINGAPARTMENTS_MEDI	float64	15964	32780	32.75	Normalized information about building where the client lives, What is average (_AVG suffix), modus (_MODE suffix), median (_MEDI suffix) apartment size, common area, living area, age of building, number of elevators, number of entrances, state of the building, number of floor	844		
1	application_test.csv	48744	121	83	LIVINGAREA_MEDI	float64	25192	23552	51.68	Normalized information about building where the client lives, What is average (_AVG suffix), modus (_MODE suffix), median (_MEDI suffix) apartment size, common area, living area, age of building, number of elevators, number of entrances, state of the building, number of floor	3886		
1	application_test.csv	48744	121	84	NONLIVINGAPARTMENTS_MEDI	float64	15397	33347	31.58	Normalized information about building where the client lives, What is average (_AVG suffix), modus (_MODE suffix), median (_MEDI suffix) apartment size, common area, living area, age of building, number of elevators, number of entrances, state of the building, number of floor	135		
1	application_test.csv	48744	121	85	NONLIVINGAREA_MEDI	float64	22660	26084	46.48	Normalized information about building where the client lives, What is average (_AVG suffix), modus (_MODE suffix), median (_MEDI suffix) apartment size, common area, living area, age of building, number of elevators, number of entrances, state of the building, number of floor	2031		
1	application_test.csv	48744	121	86	FONDKAPREMONT_MODE	object	15947	32797	32.71	Normalized information about building where the client lives, What is average (_AVG suffix), modus (_MODE suffix), median (_MEDI suffix) apartment size, common area, living area, age of building, number of elevators, number of entrances, state of the building, number of floor	5	['reg oper account', 'reg oper spec account', 'org spec account', 'not specified']	[12124, 1990, 920, 913]
1	application_test.csv	48744	121	87	HOUSETYPE_MODE	object	25125	23619	51.54	Normalized information about building where the client lives, What is average (_AVG suffix), modus (_MODE suffix), median (_MEDI suffix) apartment size, common area, living area, age of building, number of elevators, number of entrances, state of the building, number of floor	4	['block of flats', 'specific housing', 'terraced house']	[24659, 262, 204]
1	application_test.csv	48744	121	88	TOTALAREA_MODE	float64	26120	22624	53.58	Normalized information about building where the client lives, What is average (_AVG suffix), modus (_MODE suffix), median (_MEDI suffix) apartment size, common area, living area, age of building, number of elevators, number of entrances, state of the building, number of floor	3821		
1	application_test.csv	48744	121	89	WALLSMATERIAL_MODE	object	24851	23893	50.98	Normalized information about building where the client lives, What is average (_AVG suffix), modus (_MODE suffix), median (_MEDI suffix) apartment size, common area, living area, age of building, number of elevators, number of entrances, state of the building, number of floor	8		
1	application_test.csv	48744	121	90	EMERGENCYSTATE_MODE	object	26535	22209	54.43	Normalized information about building where the client lives, What is average (_AVG suffix), modus (_MODE suffix), median (_MEDI suffix) apartment size, common area, living area, age of building, number of elevators, number of entrances, state of the building, number of floor	3	['No', 'Yes']	[26179, 356]
1	application_test.csv	48744	121	91	OBS_30_CNT_SOCIAL_CIRCLE	float64	48715	29	99.94	How many observation of client's social surroundings with observable 30 DPD (days past due) default	29		
1	application_test.csv	48744	121	92	DEF_30_CNT_SOCIAL_CIRCLE	float64	48715	29	99.94	How many observation of client's social surroundings defaulted on 30 DPD (days past due) 	9		
1	application_test.csv	48744	121	93	OBS_60_CNT_SOCIAL_CIRCLE	float64	48715	29	99.94	How many observation of client's social surroundings with observable 60 DPD (days past due) default	28		
1	application_test.csv	48744	121	94	DEF_60_CNT_SOCIAL_CIRCLE	float64	48715	29	99.94	How many observation of client's social surroundings defaulted on 60 (days past due) DPD	8		
1	application_test.csv	48744	121	95	DAYS_LAST_PHONE_CHANGE	float64	48744	0	100.0	How many days before application did client change phone	3579		
1	application_test.csv	48744	121	96	FLAG_DOCUMENT_2	int64	48744	0	100.0	Did client provide document 2	1	[0]	[48744]
1	application_test.csv	48744	121	97	FLAG_DOCUMENT_3	int64	48744	0	100.0	Did client provide document 3	2	[1, 0]	[38343, 10401]
1	application_test.csv	48744	121	98	FLAG_DOCUMENT_4	int64	48744	0	100.0	Did client provide document 4	2	[0, 1]	[48739, 5]
1	application_test.csv	48744	121	99	FLAG_DOCUMENT_5	int64	48744	0	100.0	Did client provide document 5	2	[0, 1]	[48025, 719]
1	application_test.csv	48744	121	100	FLAG_DOCUMENT_6	int64	48744	0	100.0	Did client provide document 6	2	[0, 1]	[44480, 4264]
1	application_test.csv	48744	121	101	FLAG_DOCUMENT_7	int64	48744	0	100.0	Did client provide document 7	2	[0, 1]	[48742, 2]
1	application_test.csv	48744	121	102	FLAG_DOCUMENT_8	int64	48744	0	100.0	Did client provide document 8	2	[0, 1]	[44432, 4312]
1	application_test.csv	48744	121	103	FLAG_DOCUMENT_9	int64	48744	0	100.0	Did client provide document 9	2	[0, 1]	[48525, 219]
1	application_test.csv	48744	121	104	FLAG_DOCUMENT_10	int64	48744	0	100.0	Did client provide document 10	1	[0]	[48744]
1	application_test.csv	48744	121	105	FLAG_DOCUMENT_11	int64	48744	0	100.0	Did client provide document 11	2	[0, 1]	[48687, 57]
1	application_test.csv	48744	121	106	FLAG_DOCUMENT_12	int64	48744	0	100.0	Did client provide document 12	1	[0]	[48744]
1	application_test.csv	48744	121	107	FLAG_DOCUMENT_13	int64	48744	0	100.0	Did client provide document 13	1	[0]	[48744]
1	application_test.csv	48744	121	108	FLAG_DOCUMENT_14	int64	48744	0	100.0	Did client provide document 14	1	[0]	[48744]
1	application_test.csv	48744	121	109	FLAG_DOCUMENT_15	int64	48744	0	100.0	Did client provide document 15	1	[0]	[48744]
1	application_test.csv	48744	121	110	FLAG_DOCUMENT_16	int64	48744	0	100.0	Did client provide document 16	1	[0]	[48744]
1	application_test.csv	48744	121	111	FLAG_DOCUMENT_17	int64	48744	0	100.0	Did client provide document 17	1	[0]	[48744]
1	application_test.csv	48744	121	112	FLAG_DOCUMENT_18	int64	48744	0	100.0	Did client provide document 18	2	[0, 1]	[48668, 76]
1	application_test.csv	48744	121	113	FLAG_DOCUMENT_19	int64	48744	0	100.0	Did client provide document 19	1	[0]	[48744]
1	application_test.csv	48744	121	114	FLAG_DOCUMENT_20	int64	48744	0	100.0	Did client provide document 20	1	[0]	[48744]
1	application_test.csv	48744	121	115	FLAG_DOCUMENT_21	int64	48744	0	100.0	Did client provide document 21	1	[0]	[48744]
1	application_test.csv	48744	121	116	AMT_REQ_CREDIT_BUREAU_HOUR	float64	42695	6049	87.59	Number of enquiries to Credit Bureau about the client one hour before application	4	[0.0, 1.0, 2.0]	[42606, 88, 1]
1	application_test.csv	48744	121	117	AMT_REQ_CREDIT_BUREAU_DAY	float64	42695	6049	87.59	Number of enquiries to Credit Bureau about the client one day before application (excluding one hour before application)	4	[0.0, 1.0, 2.0]	[42625, 63, 7]
1	application_test.csv	48744	121	118	AMT_REQ_CREDIT_BUREAU_WEEK	float64	42695	6049	87.59	Number of enquiries to Credit Bureau about the client one week before application (excluding one day before application)	4	[0.0, 1.0, 2.0]	[42579, 113, 3]
1	application_test.csv	48744	121	119	AMT_REQ_CREDIT_BUREAU_MON	float64	42695	6049	87.59	Number of enquiries to Credit Bureau about the client one month before application (excluding one week before application)	8		
1	application_test.csv	48744	121	120	AMT_REQ_CREDIT_BUREAU_QRT	float64	42695	6049	87.59	Number of enquiries to Credit Bureau about the client 3 month before application (excluding one month before application)	9		
1	application_test.csv	48744	121	121	AMT_REQ_CREDIT_BUREAU_YEAR	float64	42695	6049	87.59	Number of enquiries to Credit Bureau about the client one day year (excluding last 3 months before application)	17		
2	application_train.csv	307511	122	1	SK_ID_CURR	int64	307511	0	100.0	ID of loan in our sample	307511		
2	application_train.csv	307511	122	2	TARGET	int64	307511	0	100.0	Target variable (1 - client with payment difficulties: he/she had late payment more than X days on at least one of the first Y installments of the loan in our sample, 0 - all other cases)	2	[0, 1]	[282686, 24825]
2	application_train.csv	307511	122	3	NAME_CONTRACT_TYPE	object	307511	0	100.0	Identification if loan is cash or revolving	2	['Cash loans', 'Revolving loans']	[278232, 29279]
2	application_train.csv	307511	122	4	CODE_GENDER	object	307511	0	100.0	Gender of the client	3	['F', 'M', 'XNA']	[202448, 105059, 4]
2	application_train.csv	307511	122	5	FLAG_OWN_CAR	object	307511	0	100.0	Flag if the client owns a car	2	['N', 'Y']	[202924, 104587]
2	application_train.csv	307511	122	6	FLAG_OWN_REALTY	object	307511	0	100.0	Flag if client owns a house or flat	2	['Y', 'N']	[213312, 94199]
2	application_train.csv	307511	122	7	CNT_CHILDREN	int64	307511	0	100.0	Number of children the client has	15		
2	application_train.csv	307511	122	8	AMT_INCOME_TOTAL	float64	307511	0	100.0	Income of the client	2548		
2	application_train.csv	307511	122	9	AMT_CREDIT	float64	307511	0	100.0	Credit amount of the loan	5603		
2	application_train.csv	307511	122	10	AMT_ANNUITY	float64	307499	12	99.99	Loan annuity	13673		
2	application_train.csv	307511	122	11	AMT_GOODS_PRICE	float64	307233	278	99.9	For consumer loans it is the price of the goods for which the loan is given	1003		
2	application_train.csv	307511	122	12	NAME_TYPE_SUITE	object	306219	1292	99.57	Who was accompanying client when he was applying for the loan	8		
2	application_train.csv	307511	122	13	NAME_INCOME_TYPE	object	307511	0	100.0	Clients income type (businessman, working, maternity leave,�)	8		
2	application_train.csv	307511	122	14	NAME_EDUCATION_TYPE	object	307511	0	100.0	Level of highest education the client achieved	5	['Secondary / secondary special', 'Higher education', 'Incomplete higher', 'Lower secondary', 'Academic degree']	[218391, 74863, 10277, 3816, 164]
2	application_train.csv	307511	122	15	NAME_FAMILY_STATUS	object	307511	0	100.0	Family status of the client	6		
2	application_train.csv	307511	122	16	NAME_HOUSING_TYPE	object	307511	0	100.0	What is the housing situation of the client (renting, living with parents, ...)	6		
2	application_train.csv	307511	122	17	REGION_POPULATION_RELATIVE	float64	307511	0	100.0	Normalized population of region where client lives (higher number means the client lives in more populated region)	81		
2	application_train.csv	307511	122	18	DAYS_BIRTH	int64	307511	0	100.0	Client's age in days at the time of application	17460		
2	application_train.csv	307511	122	19	DAYS_EMPLOYED	int64	307511	0	100.0	How many days before the application the person started current employment	12574		
2	application_train.csv	307511	122	20	DAYS_REGISTRATION	float64	307511	0	100.0	How many days before the application did client change his registration	15688		
2	application_train.csv	307511	122	21	DAYS_ID_PUBLISH	int64	307511	0	100.0	How many days before the application did client change the identity document with which he applied for the loan	6168		
2	application_train.csv	307511	122	22	OWN_CAR_AGE	float64	104582	202929	34.0	Age of client's car	63		
2	application_train.csv	307511	122	23	FLAG_MOBIL	int64	307511	0	100.0	Did client provide mobile phone (1=YES, 0=NO)	2	[1, 0]	[307510, 1]
2	application_train.csv	307511	122	24	FLAG_EMP_PHONE	int64	307511	0	100.0	Did client provide work phone (1=YES, 0=NO)	2	[1, 0]	[252125, 55386]
2	application_train.csv	307511	122	25	FLAG_WORK_PHONE	int64	307511	0	100.0	Did client provide home phone (1=YES, 0=NO)	2	[0, 1]	[246203, 61308]
2	application_train.csv	307511	122	26	FLAG_CONT_MOBILE	int64	307511	0	100.0	Was mobile phone reachable (1=YES, 0=NO)	2	[1, 0]	[306937, 574]
2	application_train.csv	307511	122	27	FLAG_PHONE	int64	307511	0	100.0	Did client provide home phone (1=YES, 0=NO)	2	[0, 1]	[221080, 86431]
2	application_train.csv	307511	122	28	FLAG_EMAIL	int64	307511	0	100.0	Did client provide email (1=YES, 0=NO)	2	[0, 1]	[290069, 17442]
2	application_train.csv	307511	122	29	OCCUPATION_TYPE	object	211120	96391	68.65	What kind of occupation does the client have	19		
2	application_train.csv	307511	122	30	CNT_FAM_MEMBERS	float64	307509	2	99.99	How many family members does client have	18		
2	application_train.csv	307511	122	31	REGION_RATING_CLIENT	int64	307511	0	100.0	Our rating of the region where client lives (1,2,3)	3	[2, 3, 1]	[226984, 48330, 32197]
2	application_train.csv	307511	122	32	REGION_RATING_CLIENT_W_CITY	int64	307511	0	100.0	Our rating of the region where client lives with taking city into account (1,2,3)	3	[2, 3, 1]	[229484, 43860, 34167]
2	application_train.csv	307511	122	33	WEEKDAY_APPR_PROCESS_START	object	307511	0	100.0	On which day of the week did the client apply for the loan	7		
2	application_train.csv	307511	122	34	HOUR_APPR_PROCESS_START	int64	307511	0	100.0	Approximately at what hour did the client apply for the loan	24		
2	application_train.csv	307511	122	35	REG_REGION_NOT_LIVE_REGION	int64	307511	0	100.0	Flag if client's permanent address does not match contact address (1=different, 0=same, at region level)	2	[0, 1]	[302854, 4657]
2	application_train.csv	307511	122	36	REG_REGION_NOT_WORK_REGION	int64	307511	0	100.0	Flag if client's permanent address does not match work address (1=different, 0=same, at region level)	2	[0, 1]	[291899, 15612]
2	application_train.csv	307511	122	37	LIVE_REGION_NOT_WORK_REGION	int64	307511	0	100.0	Flag if client's contact address does not match work address (1=different, 0=same, at region level)	2	[0, 1]	[295008, 12503]
2	application_train.csv	307511	122	38	REG_CITY_NOT_LIVE_CITY	int64	307511	0	100.0	Flag if client's permanent address does not match contact address (1=different, 0=same, at city level)	2	[0, 1]	[283472, 24039]
2	application_train.csv	307511	122	39	REG_CITY_NOT_WORK_CITY	int64	307511	0	100.0	Flag if client's permanent address does not match work address (1=different, 0=same, at city level)	2	[0, 1]	[236644, 70867]
2	application_train.csv	307511	122	40	LIVE_CITY_NOT_WORK_CITY	int64	307511	0	100.0	Flag if client's contact address does not match work address (1=different, 0=same, at city level)	2	[0, 1]	[252296, 55215]
2	application_train.csv	307511	122	41	ORGANIZATION_TYPE	object	307511	0	100.0	Type of organization where client works	58		
2	application_train.csv	307511	122	42	EXT_SOURCE_1	float64	134133	173378	43.61	Normalized score from external data source	114585		
2	application_train.csv	307511	122	43	EXT_SOURCE_2	float64	306851	660	99.78	Normalized score from external data source	119832		
2	application_train.csv	307511	122	44	EXT_SOURCE_3	float64	246546	60965	80.17	Normalized score from external data source	815		
2	application_train.csv	307511	122	45	APARTMENTS_AVG	float64	151450	156061	49.25	Normalized information about building where the client lives, What is average (_AVG suffix), modus (_MODE suffix), median (_MEDI suffix) apartment size, common area, living area, age of building, number of elevators, number of entrances, state of the building, number of floor	2340		
2	application_train.csv	307511	122	46	BASEMENTAREA_AVG	float64	127568	179943	41.48	Normalized information about building where the client lives, What is average (_AVG suffix), modus (_MODE suffix), median (_MEDI suffix) apartment size, common area, living area, age of building, number of elevators, number of entrances, state of the building, number of floor	3781		
2	application_train.csv	307511	122	47	YEARS_BEGINEXPLUATATION_AVG	float64	157504	150007	51.21	Normalized information about building where the client lives, What is average (_AVG suffix), modus (_MODE suffix), median (_MEDI suffix) apartment size, common area, living area, age of building, number of elevators, number of entrances, state of the building, number of floor	286		
2	application_train.csv	307511	122	48	YEARS_BUILD_AVG	float64	103023	204488	33.5	Normalized information about building where the client lives, What is average (_AVG suffix), modus (_MODE suffix), median (_MEDI suffix) apartment size, common area, living area, age of building, number of elevators, number of entrances, state of the building, number of floor	150		
2	application_train.csv	307511	122	49	COMMONAREA_AVG	float64	92646	214865	30.12	Normalized information about building where the client lives, What is average (_AVG suffix), modus (_MODE suffix), median (_MEDI suffix) apartment size, common area, living area, age of building, number of elevators, number of entrances, state of the building, number of floor	3182		
2	application_train.csv	307511	122	50	ELEVATORS_AVG	float64	143620	163891	46.7	Normalized information about building where the client lives, What is average (_AVG suffix), modus (_MODE suffix), median (_MEDI suffix) apartment size, common area, living area, age of building, number of elevators, number of entrances, state of the building, number of floor	258		
2	application_train.csv	307511	122	51	ENTRANCES_AVG	float64	152683	154828	49.65	Normalized information about building where the client lives, What is average (_AVG suffix), modus (_MODE suffix), median (_MEDI suffix) apartment size, common area, living area, age of building, number of elevators, number of entrances, state of the building, number of floor	286		
2	application_train.csv	307511	122	52	FLOORSMAX_AVG	float64	154491	153020	50.23	Normalized information about building where the client lives, What is average (_AVG suffix), modus (_MODE suffix), median (_MEDI suffix) apartment size, common area, living area, age of building, number of elevators, number of entrances, state of the building, number of floor	404		
2	application_train.csv	307511	122	53	FLOORSMIN_AVG	float64	98869	208642	32.15	Normalized information about building where the client lives, What is average (_AVG suffix), modus (_MODE suffix), median (_MEDI suffix) apartment size, common area, living area, age of building, number of elevators, number of entrances, state of the building, number of floor	306		
2	application_train.csv	307511	122	54	LANDAREA_AVG	float64	124921	182590	40.62	Normalized information about building where the client lives, What is average (_AVG suffix), modus (_MODE suffix), median (_MEDI suffix) apartment size, common area, living area, age of building, number of elevators, number of entrances, state of the building, number of floor	3528		
2	application_train.csv	307511	122	55	LIVINGAPARTMENTS_AVG	float64	97312	210199	31.64	Normalized information about building where the client lives, What is average (_AVG suffix), modus (_MODE suffix), median (_MEDI suffix) apartment size, common area, living area, age of building, number of elevators, number of entrances, state of the building, number of floor	1869		
2	application_train.csv	307511	122	56	LIVINGAREA_AVG	float64	153161	154350	49.8	Normalized information about building where the client lives, What is average (_AVG suffix), modus (_MODE suffix), median (_MEDI suffix) apartment size, common area, living area, age of building, number of elevators, number of entrances, state of the building, number of floor	5200		
2	application_train.csv	307511	122	57	NONLIVINGAPARTMENTS_AVG	float64	93997	213514	30.56	Normalized information about building where the client lives, What is average (_AVG suffix), modus (_MODE suffix), median (_MEDI suffix) apartment size, common area, living area, age of building, number of elevators, number of entrances, state of the building, number of floor	387		
2	application_train.csv	307511	122	58	NONLIVINGAREA_AVG	float64	137829	169682	44.82	Normalized information about building where the client lives, What is average (_AVG suffix), modus (_MODE suffix), median (_MEDI suffix) apartment size, common area, living area, age of building, number of elevators, number of entrances, state of the building, number of floor	3291		
2	application_train.csv	307511	122	59	APARTMENTS_MODE	float64	151450	156061	49.25	Normalized information about building where the client lives, What is average (_AVG suffix), modus (_MODE suffix), median (_MEDI suffix) apartment size, common area, living area, age of building, number of elevators, number of entrances, state of the building, number of floor	761		
2	application_train.csv	307511	122	60	BASEMENTAREA_MODE	float64	127568	179943	41.48	Normalized information about building where the client lives, What is average (_AVG suffix), modus (_MODE suffix), median (_MEDI suffix) apartment size, common area, living area, age of building, number of elevators, number of entrances, state of the building, number of floor	3842		
2	application_train.csv	307511	122	61	YEARS_BEGINEXPLUATATION_MODE	float64	157504	150007	51.21	Normalized information about building where the client lives, What is average (_AVG suffix), modus (_MODE suffix), median (_MEDI suffix) apartment size, common area, living area, age of building, number of elevators, number of entrances, state of the building, number of floor	222		
2	application_train.csv	307511	122	62	YEARS_BUILD_MODE	float64	103023	204488	33.5	Normalized information about building where the client lives, What is average (_AVG suffix), modus (_MODE suffix), median (_MEDI suffix) apartment size, common area, living area, age of building, number of elevators, number of entrances, state of the building, number of floor	155		
2	application_train.csv	307511	122	63	COMMONAREA_MODE	float64	92646	214865	30.12	Normalized information about building where the client lives, What is average (_AVG suffix), modus (_MODE suffix), median (_MEDI suffix) apartment size, common area, living area, age of building, number of elevators, number of entrances, state of the building, number of floor	3129		
2	application_train.csv	307511	122	64	ELEVATORS_MODE	float64	143620	163891	46.7	Normalized information about building where the client lives, What is average (_AVG suffix), modus (_MODE suffix), median (_MEDI suffix) apartment size, common area, living area, age of building, number of elevators, number of entrances, state of the building, number of floor	27		
2	application_train.csv	307511	122	65	ENTRANCES_MODE	float64	152683	154828	49.65	Normalized information about building where the client lives, What is average (_AVG suffix), modus (_MODE suffix), median (_MEDI suffix) apartment size, common area, living area, age of building, number of elevators, number of entrances, state of the building, number of floor	31		
2	application_train.csv	307511	122	66	FLOORSMAX_MODE	float64	154491	153020	50.23	Normalized information about building where the client lives, What is average (_AVG suffix), modus (_MODE suffix), median (_MEDI suffix) apartment size, common area, living area, age of building, number of elevators, number of entrances, state of the building, number of floor	26		
2	application_train.csv	307511	122	67	FLOORSMIN_MODE	float64	98869	208642	32.15	Normalized information about building where the client lives, What is average (_AVG suffix), modus (_MODE suffix), median (_MEDI suffix) apartment size, common area, living area, age of building, number of elevators, number of entrances, state of the building, number of floor	26		
2	application_train.csv	307511	122	68	LANDAREA_MODE	float64	124921	182590	40.62	Normalized information about building where the client lives, What is average (_AVG suffix), modus (_MODE suffix), median (_MEDI suffix) apartment size, common area, living area, age of building, number of elevators, number of entrances, state of the building, number of floor	3564		
2	application_train.csv	307511	122	69	LIVINGAPARTMENTS_MODE	float64	97312	210199	31.64	Normalized information about building where the client lives, What is average (_AVG suffix), modus (_MODE suffix), median (_MEDI suffix) apartment size, common area, living area, age of building, number of elevators, number of entrances, state of the building, number of floor	737		
2	application_train.csv	307511	122	70	LIVINGAREA_MODE	float64	153161	154350	49.8	Normalized information about building where the client lives, What is average (_AVG suffix), modus (_MODE suffix), median (_MEDI suffix) apartment size, common area, living area, age of building, number of elevators, number of entrances, state of the building, number of floor	5302		
2	application_train.csv	307511	122	71	NONLIVINGAPARTMENTS_MODE	float64	93997	213514	30.56	Normalized information about building where the client lives, What is average (_AVG suffix), modus (_MODE suffix), median (_MEDI suffix) apartment size, common area, living area, age of building, number of elevators, number of entrances, state of the building, number of floor	168		
2	application_train.csv	307511	122	72	NONLIVINGAREA_MODE	float64	137829	169682	44.82	Normalized information about building where the client lives, What is average (_AVG suffix), modus (_MODE suffix), median (_MEDI suffix) apartment size, common area, living area, age of building, number of elevators, number of entrances, state of the building, number of floor	3328		
2	application_train.csv	307511	122	73	APARTMENTS_MEDI	float64	151450	156061	49.25	Normalized information about building where the client lives, What is average (_AVG suffix), modus (_MODE suffix), median (_MEDI suffix) apartment size, common area, living area, age of building, number of elevators, number of entrances, state of the building, number of floor	1149		
2	application_train.csv	307511	122	74	BASEMENTAREA_MEDI	float64	127568	179943	41.48	Normalized information about building where the client lives, What is average (_AVG suffix), modus (_MODE suffix), median (_MEDI suffix) apartment size, common area, living area, age of building, number of elevators, number of entrances, state of the building, number of floor	3773		
2	application_train.csv	307511	122	75	YEARS_BEGINEXPLUATATION_MEDI	float64	157504	150007	51.21	Normalized information about building where the client lives, What is average (_AVG suffix), modus (_MODE suffix), median (_MEDI suffix) apartment size, common area, living area, age of building, number of elevators, number of entrances, state of the building, number of floor	246		
2	application_train.csv	307511	122	76	YEARS_BUILD_MEDI	float64	103023	204488	33.5	Normalized information about building where the client lives, What is average (_AVG suffix), modus (_MODE suffix), median (_MEDI suffix) apartment size, common area, living area, age of building, number of elevators, number of entrances, state of the building, number of floor	152		
2	application_train.csv	307511	122	77	COMMONAREA_MEDI	float64	92646	214865	30.12	Normalized information about building where the client lives, What is average (_AVG suffix), modus (_MODE suffix), median (_MEDI suffix) apartment size, common area, living area, age of building, number of elevators, number of entrances, state of the building, number of floor	3203		
2	application_train.csv	307511	122	78	ELEVATORS_MEDI	float64	143620	163891	46.7	Normalized information about building where the client lives, What is average (_AVG suffix), modus (_MODE suffix), median (_MEDI suffix) apartment size, common area, living area, age of building, number of elevators, number of entrances, state of the building, number of floor	47		
2	application_train.csv	307511	122	79	ENTRANCES_MEDI	float64	152683	154828	49.65	Normalized information about building where the client lives, What is average (_AVG suffix), modus (_MODE suffix), median (_MEDI suffix) apartment size, common area, living area, age of building, number of elevators, number of entrances, state of the building, number of floor	47		
2	application_train.csv	307511	122	80	FLOORSMAX_MEDI	float64	154491	153020	50.23	Normalized information about building where the client lives, What is average (_AVG suffix), modus (_MODE suffix), median (_MEDI suffix) apartment size, common area, living area, age of building, number of elevators, number of entrances, state of the building, number of floor	50		
2	application_train.csv	307511	122	81	FLOORSMIN_MEDI	float64	98869	208642	32.15	Normalized information about building where the client lives, What is average (_AVG suffix), modus (_MODE suffix), median (_MEDI suffix) apartment size, common area, living area, age of building, number of elevators, number of entrances, state of the building, number of floor	48		
2	application_train.csv	307511	122	82	LANDAREA_MEDI	float64	124921	182590	40.62	Normalized information about building where the client lives, What is average (_AVG suffix), modus (_MODE suffix), median (_MEDI suffix) apartment size, common area, living area, age of building, number of elevators, number of entrances, state of the building, number of floor	3561		
2	application_train.csv	307511	122	83	LIVINGAPARTMENTS_MEDI	float64	97312	210199	31.64	Normalized information about building where the client lives, What is average (_AVG suffix), modus (_MODE suffix), median (_MEDI suffix) apartment size, common area, living area, age of building, number of elevators, number of entrances, state of the building, number of floor	1098		
2	application_train.csv	307511	122	84	LIVINGAREA_MEDI	float64	153161	154350	49.8	Normalized information about building where the client lives, What is average (_AVG suffix), modus (_MODE suffix), median (_MEDI suffix) apartment size, common area, living area, age of building, number of elevators, number of entrances, state of the building, number of floor	5282		
2	application_train.csv	307511	122	85	NONLIVINGAPARTMENTS_MEDI	float64	93997	213514	30.56	Normalized information about building where the client lives, What is average (_AVG suffix), modus (_MODE suffix), median (_MEDI suffix) apartment size, common area, living area, age of building, number of elevators, number of entrances, state of the building, number of floor	215		
2	application_train.csv	307511	122	86	NONLIVINGAREA_MEDI	float64	137829	169682	44.82	Normalized information about building where the client lives, What is average (_AVG suffix), modus (_MODE suffix), median (_MEDI suffix) apartment size, common area, living area, age of building, number of elevators, number of entrances, state of the building, number of floor	3324		
2	application_train.csv	307511	122	87	FONDKAPREMONT_MODE	object	97216	210295	31.61	Normalized information about building where the client lives, What is average (_AVG suffix), modus (_MODE suffix), median (_MEDI suffix) apartment size, common area, living area, age of building, number of elevators, number of entrances, state of the building, number of floor	5	['reg oper account', 'reg oper spec account', 'not specified', 'org spec account']	[73830, 12080, 5687, 5619]
2	application_train.csv	307511	122	88	HOUSETYPE_MODE	object	153214	154297	49.82	Normalized information about building where the client lives, What is average (_AVG suffix), modus (_MODE suffix), median (_MEDI suffix) apartment size, common area, living area, age of building, number of elevators, number of entrances, state of the building, number of floor	4	['block of flats', 'specific housing', 'terraced house']	[150503, 1499, 1212]
2	application_train.csv	307511	122	89	TOTALAREA_MODE	float64	159080	148431	51.73	Normalized information about building where the client lives, What is average (_AVG suffix), modus (_MODE suffix), median (_MEDI suffix) apartment size, common area, living area, age of building, number of elevators, number of entrances, state of the building, number of floor	5117		
2	application_train.csv	307511	122	90	WALLSMATERIAL_MODE	object	151170	156341	49.15	Normalized information about building where the client lives, What is average (_AVG suffix), modus (_MODE suffix), median (_MEDI suffix) apartment size, common area, living area, age of building, number of elevators, number of entrances, state of the building, number of floor	8		
2	application_train.csv	307511	122	91	EMERGENCYSTATE_MODE	object	161756	145755	52.6	Normalized information about building where the client lives, What is average (_AVG suffix), modus (_MODE suffix), median (_MEDI suffix) apartment size, common area, living area, age of building, number of elevators, number of entrances, state of the building, number of floor	3	['No', 'Yes']	[159428, 2328]
2	application_train.csv	307511	122	92	OBS_30_CNT_SOCIAL_CIRCLE	float64	306490	1021	99.66	How many observation of client's social surroundings with observable 30 DPD (days past due) default	34		
2	application_train.csv	307511	122	93	DEF_30_CNT_SOCIAL_CIRCLE	float64	306490	1021	99.66	How many observation of client's social surroundings defaulted on 30 DPD (days past due) 	11		
2	application_train.csv	307511	122	94	OBS_60_CNT_SOCIAL_CIRCLE	float64	306490	1021	99.66	How many observation of client's social surroundings with observable 60 DPD (days past due) default	34		
2	application_train.csv	307511	122	95	DEF_60_CNT_SOCIAL_CIRCLE	float64	306490	1021	99.66	How many observation of client's social surroundings defaulted on 60 (days past due) DPD	10		
2	application_train.csv	307511	122	96	DAYS_LAST_PHONE_CHANGE	float64	307510	1	99.99	How many days before application did client change phone	3774		
2	application_train.csv	307511	122	97	FLAG_DOCUMENT_2	int64	307511	0	100.0	Did client provide document 2	2	[0, 1]	[307498, 13]
2	application_train.csv	307511	122	98	FLAG_DOCUMENT_3	int64	307511	0	100.0	Did client provide document 3	2	[1, 0]	[218340, 89171]
2	application_train.csv	307511	122	99	FLAG_DOCUMENT_4	int64	307511	0	100.0	Did client provide document 4	2	[0, 1]	[307486, 25]
2	application_train.csv	307511	122	100	FLAG_DOCUMENT_5	int64	307511	0	100.0	Did client provide document 5	2	[0, 1]	[302863, 4648]
2	application_train.csv	307511	122	101	FLAG_DOCUMENT_6	int64	307511	0	100.0	Did client provide document 6	2	[0, 1]	[280433, 27078]
2	application_train.csv	307511	122	102	FLAG_DOCUMENT_7	int64	307511	0	100.0	Did client provide document 7	2	[0, 1]	[307452, 59]
2	application_train.csv	307511	122	103	FLAG_DOCUMENT_8	int64	307511	0	100.0	Did client provide document 8	2	[0, 1]	[282487, 25024]
2	application_train.csv	307511	122	104	FLAG_DOCUMENT_9	int64	307511	0	100.0	Did client provide document 9	2	[0, 1]	[306313, 1198]
2	application_train.csv	307511	122	105	FLAG_DOCUMENT_10	int64	307511	0	100.0	Did client provide document 10	2	[0, 1]	[307504, 7]
2	application_train.csv	307511	122	106	FLAG_DOCUMENT_11	int64	307511	0	100.0	Did client provide document 11	2	[0, 1]	[306308, 1203]
2	application_train.csv	307511	122	107	FLAG_DOCUMENT_12	int64	307511	0	100.0	Did client provide document 12	2	[0, 1]	[307509, 2]
2	application_train.csv	307511	122	108	FLAG_DOCUMENT_13	int64	307511	0	100.0	Did client provide document 13	2	[0, 1]	[306427, 1084]
2	application_train.csv	307511	122	109	FLAG_DOCUMENT_14	int64	307511	0	100.0	Did client provide document 14	2	[0, 1]	[306608, 903]
2	application_train.csv	307511	122	110	FLAG_DOCUMENT_15	int64	307511	0	100.0	Did client provide document 15	2	[0, 1]	[307139, 372]
2	application_train.csv	307511	122	111	FLAG_DOCUMENT_16	int64	307511	0	100.0	Did client provide document 16	2	[0, 1]	[304458, 3053]
2	application_train.csv	307511	122	112	FLAG_DOCUMENT_17	int64	307511	0	100.0	Did client provide document 17	2	[0, 1]	[307429, 82]
2	application_train.csv	307511	122	113	FLAG_DOCUMENT_18	int64	307511	0	100.0	Did client provide document 18	2	[0, 1]	[305011, 2500]
2	application_train.csv	307511	122	114	FLAG_DOCUMENT_19	int64	307511	0	100.0	Did client provide document 19	2	[0, 1]	[307328, 183]
2	application_train.csv	307511	122	115	FLAG_DOCUMENT_20	int64	307511	0	100.0	Did client provide document 20	2	[0, 1]	[307355, 156]
2	application_train.csv	307511	122	116	FLAG_DOCUMENT_21	int64	307511	0	100.0	Did client provide document 21	2	[0, 1]	[307408, 103]
2	application_train.csv	307511	122	117	AMT_REQ_CREDIT_BUREAU_HOUR	float64	265992	41519	86.49	Number of enquiries to Credit Bureau about the client one hour before application	6		
2	application_train.csv	307511	122	118	AMT_REQ_CREDIT_BUREAU_DAY	float64	265992	41519	86.49	Number of enquiries to Credit Bureau about the client one day before application (excluding one hour before application)	10		
2	application_train.csv	307511	122	119	AMT_REQ_CREDIT_BUREAU_WEEK	float64	265992	41519	86.49	Number of enquiries to Credit Bureau about the client one week before application (excluding one day before application)	10		
2	application_train.csv	307511	122	120	AMT_REQ_CREDIT_BUREAU_MON	float64	265992	41519	86.49	Number of enquiries to Credit Bureau about the client one month before application (excluding one week before application)	25		
2	application_train.csv	307511	122	121	AMT_REQ_CREDIT_BUREAU_QRT	float64	265992	41519	86.49	Number of enquiries to Credit Bureau about the client 3 month before application (excluding one month before application)	12		
2	application_train.csv	307511	122	122	AMT_REQ_CREDIT_BUREAU_YEAR	float64	265992	41519	86.49	Number of enquiries to Credit Bureau about the client one day year (excluding last 3 months before application)	26		
3	bureau.csv	1716428	17	1	SK_ID_CURR	int64	1716428	0	100.0	ID of loan in our sample - one loan in our sample can have 0,1,2 or more related previous credits in credit bureau 	305811		
3	bureau.csv	1716428	17	2	SK_ID_BUREAU	int64	1716428	0	100.0	Recoded ID of previous Credit Bureau credit related to our loan (unique coding for each loan application)	1716428		
3	bureau.csv	1716428	17	3	CREDIT_ACTIVE	object	1716428	0	100.0	Status of the Credit Bureau (CB) reported credits	4	['Closed', 'Active', 'Sold', 'Bad debt']	[1079273, 630607, 6527, 21]
3	bureau.csv	1716428	17	4	CREDIT_CURRENCY	object	1716428	0	100.0	Recoded currency of the Credit Bureau credit	4	['currency 1', 'currency 2', 'currency 3', 'currency 4']	[1715020, 1224, 174, 10]
3	bureau.csv	1716428	17	5	DAYS_CREDIT	int64	1716428	0	100.0	How many days before current application did client apply for Credit Bureau credit	2923		
3	bureau.csv	1716428	17	6	CREDIT_DAY_OVERDUE	int64	1716428	0	100.0	Number of days past due on CB credit at the time of application for related loan in our sample	942		
3	bureau.csv	1716428	17	7	DAYS_CREDIT_ENDDATE	float64	1610875	105553	93.85	Remaining duration of CB credit (in days) at the time of application in Home Credit	14097		
3	bureau.csv	1716428	17	8	DAYS_ENDDATE_FACT	float64	1082775	633653	63.08	Days since CB credit ended at the time of application in Home Credit (only for closed credit)	2918		
3	bureau.csv	1716428	17	9	AMT_CREDIT_MAX_OVERDUE	float64	591940	1124488	34.48	Maximal amount overdue on the Credit Bureau credit so far (at application date of loan in our sample)	68252		
3	bureau.csv	1716428	17	10	CNT_CREDIT_PROLONG	int64	1716428	0	100.0	How many times was the Credit Bureau credit prolonged	10		
3	bureau.csv	1716428	17	11	AMT_CREDIT_SUM	float64	1716415	13	99.99	Current credit amount for the Credit Bureau credit	236709		
3	bureau.csv	1716428	17	12	AMT_CREDIT_SUM_DEBT	float64	1458759	257669	84.98	Current debt on Credit Bureau credit	226538		
3	bureau.csv	1716428	17	13	AMT_CREDIT_SUM_LIMIT	float64	1124648	591780	65.52	Current credit limit of credit card reported in Credit Bureau	51727		
3	bureau.csv	1716428	17	14	AMT_CREDIT_SUM_OVERDUE	float64	1716428	0	100.0	Current amount overdue on Credit Bureau credit	1616		
3	bureau.csv	1716428	17	15	CREDIT_TYPE	object	1716428	0	100.0	Type of Credit Bureau credit (Car, cash,...)	15		
3	bureau.csv	1716428	17	16	DAYS_CREDIT_UPDATE	int64	1716428	0	100.0	How many days before loan application did last information about the Credit Bureau credit come	2982		
3	bureau.csv	1716428	17	17	AMT_ANNUITY	float64	489637	1226791	28.52	Annuity of the Credit Bureau credit	40322		
4	bureau_balance.csv	27299925	3	1	SK_ID_BUREAU	int64	27299925	0	100.0	Recoded ID of Credit Bureau credit (unique coding for each application) - use this to join to CREDIT_BUREAU table 	817395		
4	bureau_balance.csv	27299925	3	2	MONTHS_BALANCE	int64	27299925	0	100.0	Month of balance relative to application date (-1 means the freshest balance date)	97		
4	bureau_balance.csv	27299925	3	3	STATUS	object	27299925	0	100.0	Status of Credit Bureau loan during the month (active, closed, DPD0-30,� [C means closed, X means status unknown, 0 means no DPD, 1 means maximal did during month between 1-30, 2 means DPD 31-60,� 5 means DPD 120+ or sold or written off ] )	8		
5	credit_card_balance.csv	3840312	23	1	SK_ID_PREV	int64	3840312	0	100.0	ID of previous credit in Home credit related to loan in our sample. (One loan in our sample can have 0,1,2 or more previous loans in Home Credit)	104307		
5	credit_card_balance.csv	3840312	23	2	SK_ID_CURR	int64	3840312	0	100.0	ID of loan in our sample	103558		
5	credit_card_balance.csv	3840312	23	3	MONTHS_BALANCE	int64	3840312	0	100.0	Month of balance relative to application date (-1 means the freshest balance date)	96		
5	credit_card_balance.csv	3840312	23	4	AMT_BALANCE	float64	3840312	0	100.0	Balance during the month of previous credit	1347904		
5	credit_card_balance.csv	3840312	23	5	AMT_CREDIT_LIMIT_ACTUAL	int64	3840312	0	100.0	Credit card limit during the month of the previous credit	181		
5	credit_card_balance.csv	3840312	23	6	AMT_DRAWINGS_ATM_CURRENT	float64	3090496	749816	80.47	Amount drawing at ATM during the month of the previous credit	2268		
5	credit_card_balance.csv	3840312	23	7	AMT_DRAWINGS_CURRENT	float64	3840312	0	100.0	Amount drawing during the month of the previous credit	187005		
5	credit_card_balance.csv	3840312	23	8	AMT_DRAWINGS_OTHER_CURRENT	float64	3090496	749816	80.47	Amount of other drawings during the month of the previous credit	1833		
5	credit_card_balance.csv	3840312	23	9	AMT_DRAWINGS_POS_CURRENT	float64	3090496	749816	80.47	Amount drawing or buying goods during the month of the previous credit	168749		
5	credit_card_balance.csv	3840312	23	10	AMT_INST_MIN_REGULARITY	float64	3535076	305236	92.05	Minimal installment for this month of the previous credit	312267		
5	credit_card_balance.csv	3840312	23	11	AMT_PAYMENT_CURRENT	float64	3072324	767988	80.0	How much did the client pay during the month on the previous credit	163210		
5	credit_card_balance.csv	3840312	23	12	AMT_PAYMENT_TOTAL_CURRENT	float64	3840312	0	100.0	How much did the client pay during the month in total on the previous credit	182957		
5	credit_card_balance.csv	3840312	23	13	AMT_RECEIVABLE_PRINCIPAL	float64	3840312	0	100.0	Amount receivable for principal on the previous credit	1195839		
5	credit_card_balance.csv	3840312	23	14	AMT_RECIVABLE	float64	3840312	0	100.0	Amount receivable on the previous credit	1338878		
5	credit_card_balance.csv	3840312	23	15	AMT_TOTAL_RECEIVABLE	float64	3840312	0	100.0	Total amount receivable on the previous credit	1339008		
5	credit_card_balance.csv	3840312	23	16	CNT_DRAWINGS_ATM_CURRENT	float64	3090496	749816	80.47	Number of drawings at ATM during this month on the previous credit	45		
5	credit_card_balance.csv	3840312	23	17	CNT_DRAWINGS_CURRENT	int64	3840312	0	100.0	Number of drawings during this month on the previous credit	129		
5	credit_card_balance.csv	3840312	23	18	CNT_DRAWINGS_OTHER_CURRENT	float64	3090496	749816	80.47	Number of other drawings during this month on the previous credit	12		
5	credit_card_balance.csv	3840312	23	19	CNT_DRAWINGS_POS_CURRENT	float64	3090496	749816	80.47	Number of drawings for goods during this month on the previous credit	134		
5	credit_card_balance.csv	3840312	23	20	CNT_INSTALMENT_MATURE_CUM	float64	3535076	305236	92.05	Number of paid installments on the previous credit	122		
5	credit_card_balance.csv	3840312	23	21	NAME_CONTRACT_STATUS	object	3840312	0	100.0	Contract status (active signed,...) on the previous credit	7		
5	credit_card_balance.csv	3840312	23	22	SK_DPD	int64	3840312	0	100.0	DPD (Days past due) during the month on the previous credit	917		
5	credit_card_balance.csv	3840312	23	23	SK_DPD_DEF	int64	3840312	0	100.0	DPD (Days past due) during the month with tolerance (debts with low loan amounts are ignored) of the previous credit	378		
6	installments_payments.csv	13605401	8	1	SK_ID_PREV	int64	13605401	0	100.0	ID of previous credit in Home credit related to loan in our sample. (One loan in our sample can have 0,1,2 or more previous loans in Home Credit)	997752		
6	installments_payments.csv	13605401	8	2	SK_ID_CURR	int64	13605401	0	100.0	ID of loan in our sample	339587		
6	installments_payments.csv	13605401	8	3	NUM_INSTALMENT_VERSION	float64	13605401	0	100.0	Version of installment calendar (0 is for credit card) of previous credit. Change of installment version from month to month signifies that some parameter of payment calendar has changed	65		
6	installments_payments.csv	13605401	8	4	NUM_INSTALMENT_NUMBER	int64	13605401	0	100.0	On which installment we observe payment	277		
6	installments_payments.csv	13605401	8	5	DAYS_INSTALMENT	float64	13605401	0	100.0	When the installment of previous credit was supposed to be paid (relative to application date of current loan)	2922		
6	installments_payments.csv	13605401	8	6	DAYS_ENTRY_PAYMENT	float64	13602496	2905	99.97	When was the installments of previous credit paid actually (relative to application date of current loan)	3040		
6	installments_payments.csv	13605401	8	7	AMT_INSTALMENT	float64	13605401	0	100.0	What was the prescribed installment amount of previous credit on this installment	902539		
6	installments_payments.csv	13605401	8	8	AMT_PAYMENT	float64	13602496	2905	99.97	What the client actually paid on previous credit on this installment	944236		
7	POS_CASH_balance.csv	10001358	8	1	SK_ID_PREV	int64	10001358	0	100.0	ID of previous credit in Home Credit related to loan in our sample. (One loan in our sample can have 0,1,2 or more previous loans in Home Credit)	936325		
7	POS_CASH_balance.csv	10001358	8	2	SK_ID_CURR	int64	10001358	0	100.0	ID of loan in our sample	337252		
7	POS_CASH_balance.csv	10001358	8	3	MONTHS_BALANCE	int64	10001358	0	100.0	Month of balance relative to application date (-1 means the information to the freshest monthly snapshot, 0 means the information at application - often it will be the same as -1 as many banks are not updating the information to Credit Bureau regularly )	96		
7	POS_CASH_balance.csv	10001358	8	4	CNT_INSTALMENT	float64	9975287	26071	99.73	Term of previous credit (can change over time)	74		
7	POS_CASH_balance.csv	10001358	8	5	CNT_INSTALMENT_FUTURE	float64	9975271	26087	99.73	Installments left to pay on the previous credit	80		
7	POS_CASH_balance.csv	10001358	8	6	NAME_CONTRACT_STATUS	object	10001358	0	100.0	Contract status during the month	9		
7	POS_CASH_balance.csv	10001358	8	7	SK_DPD	int64	10001358	0	100.0	DPD (days past due) during the month of previous credit	3400		
7	POS_CASH_balance.csv	10001358	8	8	SK_DPD_DEF	int64	10001358	0	100.0	DPD during the month with tolerance (debts with low loan amounts are ignored) of the previous credit	2307		
8	previous_application.csv	1670214	37	1	SK_ID_PREV	int64	1670214	0	100.0	ID of previous credit in Home credit related to loan in our sample. (One loan in our sample can have 0,1,2 or more previous loan applications in Home Credit, previous application could, but not necessarily have to lead to credit) 	1670214		
8	previous_application.csv	1670214	37	2	SK_ID_CURR	int64	1670214	0	100.0	ID of loan in our sample	338857		
8	previous_application.csv	1670214	37	3	NAME_CONTRACT_TYPE	object	1670214	0	100.0	Contract product type (Cash loan, consumer loan [POS] ,...) of the previous application	4	['Cash loans', 'Consumer loans', 'Revolving loans', 'XNA']	[747553, 729151, 193164, 346]
8	previous_application.csv	1670214	37	4	AMT_ANNUITY	float64	1297979	372235	77.71	Annuity of previous application	357960		
8	previous_application.csv	1670214	37	5	AMT_APPLICATION	float64	1670214	0	100.0	For how much credit did client ask on the previous application	93885		
8	previous_application.csv	1670214	37	6	AMT_CREDIT	float64	1670213	1	99.99	Final credit amount on the previous application. This differs from AMT_APPLICATION in a way that the AMT_APPLICATION is the amount for which the client initially applied for, but during our approval process he could have received different amount - AMT_CREDIT	86804		
8	previous_application.csv	1670214	37	7	AMT_DOWN_PAYMENT	float64	774370	895844	46.36	Down payment on the previous application	29279		
8	previous_application.csv	1670214	37	8	AMT_GOODS_PRICE	float64	1284699	385515	76.91	Goods price of good that client asked for (if applicable) on the previous application	93886		
8	previous_application.csv	1670214	37	9	WEEKDAY_APPR_PROCESS_START	object	1670214	0	100.0	On which day of the week did the client apply for previous application	7		
8	previous_application.csv	1670214	37	10	HOUR_APPR_PROCESS_START	int64	1670214	0	100.0	Approximately at what day hour did the client apply for the previous application	24		
8	previous_application.csv	1670214	37	11	FLAG_LAST_APPL_PER_CONTRACT	object	1670214	0	100.0	Flag if it was last application for the previous contract. Sometimes by mistake of client or our clerk there could be more applications for one single contract	2	['Y', 'N']	[1661739, 8475]
8	previous_application.csv	1670214	37	12	NFLAG_LAST_APPL_IN_DAY	int64	1670214	0	100.0	Flag if the application was the last application per day of the client. Sometimes clients apply for more applications a day. Rarely it could also be error in our system that one application is in the database twice	2	[1, 0]	[1664314, 5900]
8	previous_application.csv	1670214	37	13	RATE_DOWN_PAYMENT	float64	774370	895844	46.36	Down payment rate normalized on previous credit	207034		
8	previous_application.csv	1670214	37	14	RATE_INTEREST_PRIMARY	float64	5951	1664263	0.35	Interest rate normalized on previous credit	149		
8	previous_application.csv	1670214	37	15	RATE_INTEREST_PRIVILEGED	float64	5951	1664263	0.35	Interest rate normalized on previous credit	26		
8	previous_application.csv	1670214	37	16	NAME_CASH_LOAN_PURPOSE	object	1670214	0	100.0	Purpose of the cash loan	25		
8	previous_application.csv	1670214	37	17	NAME_CONTRACT_STATUS	object	1670214	0	100.0	Contract status (approved, cancelled, ...) of previous application	4	['Approved', 'Canceled', 'Refused', 'Unused offer']	[1036781, 316319, 290678, 26436]
8	previous_application.csv	1670214	37	18	DAYS_DECISION	int64	1670214	0	100.0	Relative to current application when was the decision about previous application made	2922		
8	previous_application.csv	1670214	37	19	NAME_PAYMENT_TYPE	object	1670214	0	100.0	Payment method that client chose to pay for the previous application	4	['Cash through the bank', 'XNA', 'Non-cash from your account', 'Cashless from the account of the employer']	[1033552, 627384, 8193, 1085]
8	previous_application.csv	1670214	37	20	CODE_REJECT_REASON	object	1670214	0	100.0	Why was the previous application rejected	9		
8	previous_application.csv	1670214	37	21	NAME_TYPE_SUITE	object	849809	820405	50.88	Who accompanied client when applying for the previous application	8		
8	previous_application.csv	1670214	37	22	NAME_CLIENT_TYPE	object	1670214	0	100.0	Was the client old or new client when applying for the previous application	4	['Repeater', 'New', 'Refreshed', 'XNA']	[1231261, 301363, 135649, 1941]
8	previous_application.csv	1670214	37	23	NAME_GOODS_CATEGORY	object	1670214	0	100.0	What kind of goods did the client apply for in the previous application	28		
8	previous_application.csv	1670214	37	24	NAME_PORTFOLIO	object	1670214	0	100.0	Was the previous application for CASH, POS, CAR, �	5	['POS', 'Cash', 'XNA', 'Cards', 'Cars']	[691011, 461563, 372230, 144985, 425]
8	previous_application.csv	1670214	37	25	NAME_PRODUCT_TYPE	object	1670214	0	100.0	Was the previous application x-sell o walk-in	3	['XNA', 'x-sell', 'walk-in']	[1063666, 456287, 150261]
8	previous_application.csv	1670214	37	26	CHANNEL_TYPE	object	1670214	0	100.0	Through which channel we acquired the client on the previous application	8		
8	previous_application.csv	1670214	37	27	SELLERPLACE_AREA	int64	1670214	0	100.0	Selling area of seller place of the previous application	2097		
8	previous_application.csv	1670214	37	28	NAME_SELLER_INDUSTRY	object	1670214	0	100.0	The industry of the seller	11		
8	previous_application.csv	1670214	37	29	CNT_PAYMENT	float64	1297984	372230	77.71	Term of previous credit at application of the previous application	50		
8	previous_application.csv	1670214	37	30	NAME_YIELD_GROUP	object	1670214	0	100.0	Grouped interest rate into small medium and high of the previous application	5	['XNA', 'middle', 'high', 'low_normal', 'low_action']	[517215, 385532, 353331, 322095, 92041]
8	previous_application.csv	1670214	37	31	PRODUCT_COMBINATION	object	1669868	346	99.97	Detailed product combination of the previous application	18		
8	previous_application.csv	1670214	37	32	DAYS_FIRST_DRAWING	float64	997149	673065	59.7	Relative to application date of current application when was the first disbursement of the previous application	2839		
8	previous_application.csv	1670214	37	33	DAYS_FIRST_DUE	float64	997149	673065	59.7	Relative to application date of current application when was the first due supposed to be of the previous application	2893		
8	previous_application.csv	1670214	37	34	DAYS_LAST_DUE_1ST_VERSION	float64	997149	673065	59.7	Relative to application date of current application when was the first due of the previous application	4606		
8	previous_application.csv	1670214	37	35	DAYS_LAST_DUE	float64	997149	673065	59.7	Relative to application date of current application when was the last due date of the previous application	2874		
8	previous_application.csv	1670214	37	36	DAYS_TERMINATION	float64	997149	673065	59.7	Relative to application date of current application when was the expected termination of the previous application	2831		
8	previous_application.csv	1670214	37	37	NFLAG_INSURED_ON_APPROVAL	float64	997149	673065	59.7	Did the client requested insurance during the previous application	3	[0.0, 1.0]	[665527, 331622]
